iter	RMSE
0	303.8668644
1	300.0250674
2	296.7504674
3	293.1359737
4	290.0639207
5	287.5452574
